{
  "xgb_auc": 0.8501497901462096,
  "lr_auc": 0.6814354518487825,
  "improvement": 0.1687143382974271,
  "improvement_percent": 24.75866758028118,
  "test_samples": 24054
}